<?xml version="1.0" encoding="utf-8"?>
<bwFrame xmlns:xsi="http://www.w3.org/2001/XMLSchema-instance" xmlns:xsd="http://www.w3.org/2001/XMLSchema" default_layout="npnxnanbnsnfns00001100101" textdirection="ltr" textengine="DirectWrite" device="false" fontscale="100" kbshortcuts="false" skip_nav_enabled="true" chromeless="false" outputtype="undefined" theme="unified" themeAccentColor="0x4F81BD">
  <layouts>
    <layout name="npnxnanbsnfns00001100101" font="Lato" controllayout="npnxnanbsnfns00001100101" colorscheme="npnxnanbnsnfns00001100101" string_table="npnxnanbnsnfns00001100101" />
    <layout name="pxabnsnfns00001100101" font="Lato" controllayout="pxabnsnfns00001100101" colorscheme="npnxnanbnsnfns00001100101" string_table="npnxnanbnsnfns00001100101" />
    <layout name="npxnabnsnfns00001100101" font="Lato" controllayout="npxnabnsnfns00001100101" colorscheme="npnxnanbnsnfns00001100101" string_table="npnxnanbnsnfns00001100101" />
    <layout name="npnxnanbnsnfns00001100101" font="Lato" controllayout="npnxnanbnsnfns00001100101" colorscheme="npnxnanbnsnfns00001100101" string_table="npnxnanbnsnfns00001100101" />
    <layout name="pxabnsnfns00001100100" font="Lato" controllayout="pxabnsnfns00001100100" colorscheme="npnxnanbnsnfns00001100101" string_table="npnxnanbnsnfns00001100101" />
  </layouts>
  <control_options>
    <optiongroups>
      <optiongroup name="sidebaroptions">
        <options>
          <option name="title_enabled" value="true">
            <options>
              <option name="title_text" value="AdaptiveLeadershipSimulation" />
            </options>
          </option>
          <option name="logo_enabled" value="false">
            <options />
          </option>
          <option name="sidebar_enabled" value="true">
            <options>
              <option name="sidebarpos" value="right" />
              <option name="closed" value="true" />
            </options>
          </option>
          <optionlist name="tabs">
            <listitems>
              <listitem name="resources" value="true" group="linkright" />
              <listitem name="outline" value="true" group="sidebar" />
              <listitem name="glossary" value="false" group="sidebar" />
              <listitem name="transcript" value="false" group="sidebar" />
            </listitems>
          </optionlist>
          <option name="time_enabled" value="false">
            <options>
              <option name="time_format" value="none" />
            </options>
          </option>
          <option name="video_enabled" value="false">
            <options>
              <option name="height" value="135" />
            </options>
          </option>
        </options>
      </optiongroup>
      <optiongroup name="menuoptions">
        <options>
          <option name="flow" value="free" />
          <option name="wraplistitems" value="false" />
          <option name="tooltips" value="true" />
          <option name="autocollapse" value="true" />
          <option name="autonumber" value="false" />
          <option name="enableresultsicons" value="true" />
        </options>
      </optiongroup>
      <optiongroup name="controls">
        <options>
          <option name="volume" value="true" />
          <option name="seekbar" value="false">
            <options>
              <option name="readonly" value="false" />
              <option name="readonlyOnce" value="false" />
            </options>
          </option>
          <option name="pauseplay" value="false" />
          <option name="replay" value="false" />
          <option name="search" value="false" />
          <option name="closed_captions" value="true">
            <options>
              <option name="font" value="Lato" />
            </options>
          </option>
          <option name="settings" value="true" />
        </options>
      </optiongroup>
      <optiongroup name="bottombaroptions">
        <options>
          <option name="bottombar_enabled" value="true" />
        </options>
      </optiongroup>
      <optiongroup name="buttonoptions">
        <options>
          <option name="next" value="icon" />
          <option name="previous" value="icon" />
          <option name="submit" value="icon" />
        </options>
      </optiongroup>
    </optiongroups>
  </control_options>
  <control_layouts>
    <control_layout name="npnxnanbsnfns00001100101">
      <control name="volume" enabled="true" />
      <control name="seekbar" enabled="false" />
      <control name="replay" enabled="false" />
      <control name="pauseplay" enabled="false" />
      <control name="logo" enabled="false" />
      <control name="previous" enabled="false" />
      <control name="next" enabled="false" />
      <control name="swipeleft" enabled="false" />
      <control name="swiperight" enabled="false" />
      <control name="submit" enabled="true" />
      <control name="finish" enabled="false" />
      <control name="submitall" enabled="false" />
      <control name="resources" enabled="true" />
      <control name="glossary" enabled="false" />
      <control name="transcript" enabled="false" />
      <control name="outline" enabled="true">
        <controls>
          <control name="search" enabled="false" />
        </controls>
      </control>
      <control name="close_btn" enabled="true" />
    </control_layout>
    <control_layout name="pxabnsnfns00001100101">
      <control name="volume" enabled="true" />
      <control name="seekbar" enabled="false" />
      <control name="replay" enabled="false" />
      <control name="pauseplay" enabled="false" />
      <control name="logo" enabled="false" />
      <control name="previous" enabled="true" />
      <control name="next" enabled="true" />
      <control name="swipeleft" enabled="true" />
      <control name="swiperight" enabled="true" />
      <control name="submit" enabled="false" />
      <control name="finish" enabled="false" />
      <control name="submitall" enabled="false" />
      <control name="resources" enabled="true" />
      <control name="glossary" enabled="false" />
      <control name="transcript" enabled="false" />
      <control name="outline" enabled="true">
        <controls>
          <control name="search" enabled="false" />
        </controls>
      </control>
      <control name="close_btn" enabled="true" />
    </control_layout>
    <control_layout name="npxnabnsnfns00001100101">
      <control name="volume" enabled="true" />
      <control name="seekbar" enabled="false" />
      <control name="replay" enabled="false" />
      <control name="pauseplay" enabled="false" />
      <control name="logo" enabled="false" />
      <control name="previous" enabled="false" />
      <control name="next" enabled="true" />
      <control name="swipeleft" enabled="false" />
      <control name="swiperight" enabled="true" />
      <control name="submit" enabled="false" />
      <control name="finish" enabled="false" />
      <control name="submitall" enabled="false" />
      <control name="resources" enabled="true" />
      <control name="glossary" enabled="false" />
      <control name="transcript" enabled="false" />
      <control name="outline" enabled="true">
        <controls>
          <control name="search" enabled="false" />
        </controls>
      </control>
      <control name="close_btn" enabled="true" />
    </control_layout>
    <control_layout name="npnxnanbnsnfns00001100101">
      <control name="volume" enabled="true" />
      <control name="seekbar" enabled="false" />
      <control name="replay" enabled="false" />
      <control name="pauseplay" enabled="false" />
      <control name="logo" enabled="false" />
      <control name="previous" enabled="false" />
      <control name="next" enabled="false" />
      <control name="swipeleft" enabled="false" />
      <control name="swiperight" enabled="false" />
      <control name="submit" enabled="false" />
      <control name="finish" enabled="false" />
      <control name="submitall" enabled="false" />
      <control name="resources" enabled="true" />
      <control name="glossary" enabled="false" />
      <control name="transcript" enabled="false" />
      <control name="outline" enabled="true">
        <controls>
          <control name="search" enabled="false" />
        </controls>
      </control>
      <control name="close_btn" enabled="true" />
    </control_layout>
    <control_layout name="pxabnsnfns00001100100">
      <control name="volume" enabled="true" />
      <control name="seekbar" enabled="false" />
      <control name="replay" enabled="false" />
      <control name="pauseplay" enabled="false" />
      <control name="logo" enabled="false" />
      <control name="previous" enabled="true" />
      <control name="next" enabled="true" />
      <control name="swipeleft" enabled="true" />
      <control name="swiperight" enabled="true" />
      <control name="submit" enabled="false" />
      <control name="finish" enabled="false" />
      <control name="submitall" enabled="false" />
      <control name="resources" enabled="true" />
      <control name="glossary" enabled="false" />
      <control name="transcript" enabled="false" />
      <control name="outline" enabled="true">
        <controls>
          <control name="search" enabled="false" />
        </controls>
      </control>
      <control name="close_btn" enabled="false" />
    </control_layout>
  </control_layouts>
  <colorschemes>
    <colorscheme name="npnxnanbnsnfns00001100101">
      <color_group name="accessibility">
        <group_colors>
          <color name="focus_rect">
            <fill type="linear" rotation="90">
              <colors>
                <color rgb="0xFFFF00" alpha="100" stop="0" />
              </colors>
            </fill>
          </color>
        </group_colors>
      </color_group>
      <color_group name="HTML">
        <group_colors>
          <color name="htmlpage_bg_color">
            <fill type="linear" rotation="90">
              <colors>
                <color rgb="0x282828" alpha="100" stop="0" />
              </colors>
            </fill>
          </color>
          <color name="preloader">
            <fill type="linear" rotation="90">
              <colors>
                <color rgb="0xFFFFFF" alpha="100" stop="0" />
              </colors>
            </fill>
          </color>
        </group_colors>
      </color_group>
      <color_group name="infopanel">
        <group_colors>
          <color name="link_text">
            <fill type="linear" rotation="90">
              <colors>
                <color rgb="0xB4B4B4" alpha="100" stop="0" />
              </colors>
            </fill>
          </color>
          <color name="link_hover">
            <fill type="linear" rotation="90">
              <colors>
                <color rgb="0xFFFFFF" alpha="100" stop="0" />
              </colors>
            </fill>
          </color>
          <color name="shadow">
            <fill type="linear" rotation="90">
              <colors>
                <color rgb="0x000000" alpha="0" stop="0" />
              </colors>
            </fill>
          </color>
          <color name="bg">
            <fill type="linear" rotation="90">
              <colors>
                <color rgb="0xFFFFFF" alpha="100" stop="0" />
              </colors>
            </fill>
          </color>
          <color name="name_text">
            <fill type="linear" rotation="90">
              <colors>
                <color rgb="0x444444" alpha="100" stop="0" />
              </colors>
            </fill>
          </color>
          <color name="title_text">
            <fill type="linear" rotation="90">
              <colors>
                <color rgb="0x999999" alpha="100" stop="0" />
              </colors>
            </fill>
          </color>
        </group_colors>
      </color_group>
      <color_group name="infopanelpopup">
        <group_colors>
          <color name="link_text">
            <fill type="linear" rotation="90">
              <colors>
                <color rgb="0xFF0000" alpha="100" stop="0" />
              </colors>
            </fill>
          </color>
          <color name="link_hover">
            <fill type="linear" rotation="90">
              <colors>
                <color rgb="0xFFFFFF" alpha="100" stop="0" />
              </colors>
            </fill>
          </color>
          <color name="bg">
            <fill type="linear" rotation="90">
              <colors>
                <color rgb="0x000000" alpha="0" stop="0" />
              </colors>
            </fill>
          </color>
          <color name="shadow">
            <fill type="linear" rotation="90">
              <colors>
                <color rgb="0x000000" alpha="0" stop="0" />
              </colors>
            </fill>
          </color>
          <color name="name_text">
            <fill type="linear" rotation="90">
              <colors>
                <color rgb="0xFFFFFF" alpha="100" stop="0" />
              </colors>
            </fill>
          </color>
          <color name="bio_text">
            <fill type="linear" rotation="90">
              <colors>
                <color rgb="0xB4B4B4" alpha="100" stop="0" />
              </colors>
            </fill>
          </color>
        </group_colors>
      </color_group>
      <color_group name="timer">
        <group_colors>
          <color name="duration">
            <fill type="linear" rotation="90">
              <colors>
                <color rgb="0x3C3C3C" alpha="100" stop="0" />
              </colors>
            </fill>
          </color>
          <color name="elapsed">
            <fill type="linear" rotation="90">
              <colors>
                <color rgb="0xFEE347" alpha="100" stop="0" />
              </colors>
            </fill>
          </color>
          <color name="stroke">
            <fill type="linear" rotation="90">
              <colors>
                <color rgb="0xC7C7C7" alpha="100" stop="0" />
              </colors>
            </fill>
          </color>
          <color name="inner">
            <fill type="linear" rotation="90">
              <colors>
                <color rgb="0xFFFFFF" alpha="100" stop="0" />
              </colors>
            </fill>
          </color>
          <color name="text">
            <fill type="linear" rotation="90">
              <colors>
                <color rgb="0xB4B4B4" alpha="100" stop="0" />
              </colors>
            </fill>
          </color>
        </group_colors>
      </color_group>
      <color_group name="window">
        <group_colors>
          <color name="text">
            <fill type="linear" rotation="90">
              <colors>
                <color rgb="0xFFFFFF" alpha="100" stop="0" />
              </colors>
            </fill>
          </color>
          <color name="inner">
            <fill type="linear" rotation="90">
              <colors>
                <color rgb="0x316300" alpha="0" stop="0" />
              </colors>
            </fill>
          </color>
          <color name="bg">
            <fill type="linear" rotation="90">
              <colors>
                <color rgb="0x222222" alpha="100" stop="0" />
              </colors>
            </fill>
          </color>
          <color name="diva">
            <fill type="linear" rotation="90">
              <colors>
                <color rgb="0x4E4E4E" alpha="100" stop="0" />
              </colors>
            </fill>
          </color>
          <color name="divb">
            <fill type="linear" rotation="90">
              <colors>
                <color rgb="0x4E4E4E" alpha="0" stop="0" />
              </colors>
            </fill>
          </color>
          <color name="shadow">
            <fill type="linear" rotation="90">
              <colors>
                <color rgb="0x000000" alpha="20" stop="0" />
              </colors>
            </fill>
          </color>
        </group_colors>
      </color_group>
      <color_group name="editor">
        <group_colors>
          <color name="slide_text">
            <fill type="linear" rotation="90">
              <colors>
                <color rgb="0xE2E2E2" alpha="100" stop="0" />
              </colors>
            </fill>
          </color>
          <color name="html_text">
            <fill type="linear" rotation="90">
              <colors>
                <color rgb="0xB4B4B4" alpha="100" stop="0" />
              </colors>
            </fill>
          </color>
          <color name="btn_text_shadow">
            <fill type="linear" rotation="90">
              <colors>
                <color rgb="0x000000" alpha="0" stop="0" />
              </colors>
            </fill>
          </color>
          <color name="btn_text">
            <fill type="linear" rotation="90">
              <colors>
                <color rgb="0xFFFFFF" alpha="100" stop="0" />
              </colors>
            </fill>
          </color>
          <color name="btn_border">
            <fill type="linear" rotation="90">
              <colors>
                <color rgb="0xD3D3D3" alpha="100" stop="0" />
              </colors>
            </fill>
          </color>
          <color name="btn_hover">
            <fill type="linear" rotation="90">
              <colors>
                <color rgb="0x444444" alpha="100" stop="0" />
              </colors>
            </fill>
          </color>
          <color name="btn_down">
            <fill type="linear" rotation="90">
              <colors>
                <color rgb="0x444444" alpha="100" stop="0" />
              </colors>
            </fill>
          </color>
          <color name="btn_bg">
            <fill type="linear" rotation="90">
              <colors>
                <color rgb="0x222222" alpha="100" stop="0" />
              </colors>
            </fill>
          </color>
        </group_colors>
      </color_group>
      <color_group name="listitem">
        <group_colors>
          <color name="scene_text">
            <fill type="linear" rotation="90">
              <colors>
                <color rgb="0xFFFFFF" alpha="100" stop="0" />
              </colors>
            </fill>
          </color>
          <color name="selected_text">
            <fill type="linear" rotation="90">
              <colors>
                <color rgb="0xFFFFFF" alpha="100" stop="0" />
              </colors>
            </fill>
          </color>
          <color name="shadow">
            <fill type="linear" rotation="90">
              <colors>
                <color rgb="0x000000" alpha="0" stop="0" />
              </colors>
            </fill>
          </color>
          <color name="selected">
            <fill type="linear" rotation="90">
              <colors>
                <color rgb="0x212121" alpha="100" stop="0" />
              </colors>
            </fill>
          </color>
          <color name="text">
            <fill type="linear" rotation="90">
              <colors>
                <color rgb="0xB4B4B4" alpha="100" stop="0" />
              </colors>
            </fill>
          </color>
          <color name="viewed">
            <fill type="linear" rotation="90">
              <colors>
                <color rgb="0x555555" alpha="100" stop="0" />
              </colors>
            </fill>
          </color>
          <color name="hover">
            <fill type="linear" rotation="90">
              <colors>
                <color rgb="0x212121" alpha="100" stop="0" />
              </colors>
            </fill>
          </color>
          <color name="lines">
            <fill type="linear" rotation="90">
              <colors>
                <color rgb="0x000000" alpha="0" stop="0" />
              </colors>
            </fill>
          </color>
        </group_colors>
      </color_group>
      <color_group name="glossary">
        <group_colors>
          <color name="selected_text">
            <fill type="linear" rotation="90">
              <colors>
                <color rgb="0xFFFFFF" alpha="100" stop="0" />
              </colors>
            </fill>
          </color>
          <color name="selected">
            <fill type="linear" rotation="90">
              <colors>
                <color rgb="0xFFFFFF" alpha="100" stop="0" />
              </colors>
            </fill>
          </color>
          <color name="text">
            <fill type="linear" rotation="90">
              <colors>
                <color rgb="0xB4B4B4" alpha="100" stop="0" />
              </colors>
            </fill>
          </color>
          <color name="hover">
            <fill type="linear" rotation="90">
              <colors>
                <color rgb="0xB4B4B4" alpha="100" stop="0" />
              </colors>
            </fill>
          </color>
          <color name="heading_text">
            <fill type="linear" rotation="90">
              <colors>
                <color rgb="0xFFFFFF" alpha="100" stop="0" />
              </colors>
            </fill>
          </color>
          <color name="diva">
            <fill type="linear" rotation="90">
              <colors>
                <color rgb="0x000000" alpha="0" stop="0" />
              </colors>
            </fill>
          </color>
          <color name="divb">
            <fill type="linear" rotation="90">
              <colors>
                <color rgb="0x000000" alpha="0" stop="0" />
              </colors>
            </fill>
          </color>
          <color name="divc">
            <fill type="linear" rotation="90">
              <colors>
                <color rgb="0x000000" alpha="0" stop="0" />
              </colors>
            </fill>
          </color>
          <color name="bg">
            <fill type="linear" rotation="90">
              <colors>
                <color rgb="0x000000" alpha="0" stop="0" />
              </colors>
            </fill>
          </color>
        </group_colors>
      </color_group>
      <color_group name="resource">
        <group_colors>
          <color name="separator">
            <fill type="linear" rotation="90">
              <colors>
                <color rgb="0x000000" alpha="0" stop="0" />
              </colors>
            </fill>
          </color>
          <color name="hover">
            <fill type="linear" rotation="90">
              <colors>
                <color rgb="0x404040" alpha="100" stop="0" />
              </colors>
            </fill>
          </color>
        </group_colors>
      </color_group>
      <color_group name="outline">
        <group_colors>
          <color name="search_hover">
            <fill type="linear" rotation="90">
              <colors>
                <color rgb="0x000000" alpha="0" stop="0" />
              </colors>
            </fill>
          </color>
          <color name="search_text">
            <fill type="linear" rotation="90">
              <colors>
                <color rgb="0x2D2D2D" alpha="100" stop="0" />
              </colors>
            </fill>
          </color>
          <color name="divc">
            <fill type="linear" rotation="90">
              <colors>
                <color rgb="0x000000" alpha="0" stop="0" />
              </colors>
            </fill>
          </color>
          <color name="divb">
            <fill type="linear" rotation="90">
              <colors>
                <color rgb="0x000000" alpha="0" stop="0" />
              </colors>
            </fill>
          </color>
          <color name="diva">
            <fill type="linear" rotation="90">
              <colors>
                <color rgb="0x000000" alpha="0" stop="0" />
              </colors>
            </fill>
          </color>
        </group_colors>
      </color_group>
      <color_group name="transcript">
        <group_colors>
          <color name="heading_text">
            <fill type="linear" rotation="90">
              <colors>
                <color rgb="0xFFFFFF" alpha="100" stop="0" />
              </colors>
            </fill>
          </color>
          <color name="div">
            <fill type="linear" rotation="90">
              <colors>
                <color rgb="0x000000" alpha="0" stop="0" />
              </colors>
            </fill>
          </color>
        </group_colors>
      </color_group>
      <color_group name="tabs">
        <group_colors>
          <color name="shadow">
            <fill type="linear" rotation="90">
              <colors>
                <color rgb="0x000000" alpha="0" stop="0" />
              </colors>
            </fill>
          </color>
          <color name="hover">
            <fill type="linear" rotation="90">
              <colors>
                <color rgb="0xFFFFFF" alpha="100" stop="0" />
              </colors>
            </fill>
          </color>
          <color name="selected">
            <fill type="linear" rotation="90">
              <colors>
                <color rgb="0xFFFFFF" alpha="100" stop="0" />
              </colors>
            </fill>
          </color>
          <color name="text">
            <fill type="linear" rotation="90">
              <colors>
                <color rgb="0xB4B4B4" alpha="100" stop="0" />
              </colors>
            </fill>
          </color>
          <color name="bg">
            <fill type="linear" rotation="90">
              <colors>
                <color rgb="0x000000" alpha="0" stop="0" />
              </colors>
            </fill>
          </color>
          <color name="panel_bg">
            <fill type="linear" rotation="90">
              <colors>
                <color rgb="0x323232" alpha="100" stop="0" />
              </colors>
            </fill>
          </color>
          <color name="bottom_border">
            <fill type="linear" rotation="90">
              <colors>
                <color rgb="0x313131" alpha="100" stop="0" />
              </colors>
            </fill>
          </color>
        </group_colors>
      </color_group>
      <color_group name="seekcontrol">
        <group_colors>
          <color name="btn_icon_color">
            <fill type="linear" rotation="90">
              <colors>
                <color rgb="0xB4B4B4" alpha="100" stop="0" />
              </colors>
            </fill>
          </color>
          <color name="seek_position">
            <fill type="linear" rotation="90">
              <colors>
                <color rgb="0xFFFFFF" alpha="20" stop="0" />
              </colors>
            </fill>
          </color>
          <color name="seek_bg">
            <fill type="linear" rotation="90">
              <colors>
                <color rgb="0x3C3C3C" alpha="100" stop="0" />
              </colors>
            </fill>
          </color>
          <color name="seek_border">
            <fill type="linear" rotation="90">
              <colors>
                <color rgb="0x000000" alpha="0" stop="0" />
              </colors>
            </fill>
          </color>
          <color name="border">
            <fill type="linear" rotation="90">
              <colors>
                <color rgb="0x000000" alpha="0" stop="0" />
              </colors>
            </fill>
          </color>
          <color name="bg">
            <fill type="linear" rotation="90">
              <colors>
                <color rgb="0x000000" alpha="0" stop="0" />
              </colors>
            </fill>
          </color>
          <color name="btn_icon_hover">
            <fill type="linear" rotation="90">
              <colors>
                <color rgb="0xFFFFFF" alpha="100" stop="0" />
              </colors>
            </fill>
          </color>
          <color name="btn_icon_shadow">
            <fill type="linear" rotation="90">
              <colors>
                <color rgb="0x000000" alpha="0" stop="0" />
              </colors>
            </fill>
          </color>
        </group_colors>
      </color_group>
      <color_group name="searchinput">
        <group_colors>
          <color name="text_active">
            <fill type="linear" rotation="90">
              <colors>
                <color rgb="0xF8F8F8" alpha="100" stop="0" />
              </colors>
            </fill>
          </color>
          <color name="bg_active">
            <fill type="linear" rotation="90">
              <colors>
                <color rgb="0x292929" alpha="100" stop="0" />
              </colors>
            </fill>
          </color>
          <color name="search_text">
            <fill type="linear" rotation="90">
              <colors>
                <color rgb="0xAAAAAA" alpha="100" stop="0" />
              </colors>
            </fill>
          </color>
          <color name="hover_glow">
            <fill type="linear" rotation="90">
              <colors>
                <color rgb="0x457E13" alpha="0" stop="0" />
              </colors>
            </fill>
          </color>
          <color name="button_hover">
            <fill type="linear" rotation="90">
              <colors>
                <color rgb="0x3F8500" alpha="100" stop="0" />
              </colors>
            </fill>
          </color>
          <color name="icon">
            <fill type="linear" rotation="90">
              <colors>
                <color rgb="0xFFFFFF" alpha="100" stop="0" />
              </colors>
            </fill>
          </color>
          <color name="border">
            <fill type="linear" rotation="90">
              <colors>
                <color rgb="0x000000" alpha="0" stop="0" />
              </colors>
            </fill>
          </color>
          <color name="bg">
            <fill type="linear" rotation="90">
              <colors>
                <color rgb="0x3C3C3C" alpha="100" stop="0" />
              </colors>
            </fill>
          </color>
          <color name="bg_in_tab">
            <fill type="linear" rotation="90">
              <colors>
                <color rgb="0x545454" alpha="100" stop="0" />
              </colors>
            </fill>
          </color>
        </group_colors>
      </color_group>
      <color_group name="scrollarea">
        <group_colors>
          <color name="detailb">
            <fill type="linear" rotation="90">
              <colors>
                <color rgb="0x6AA242" alpha="100" stop="0" />
              </colors>
            </fill>
          </color>
          <color name="detaila">
            <fill type="linear" rotation="90">
              <colors>
                <color rgb="0x2A5400" alpha="100" stop="0" />
              </colors>
            </fill>
          </color>
          <color name="shadow">
            <fill type="linear" rotation="90">
              <colors>
                <color rgb="0x275000" alpha="100" stop="0" />
              </colors>
            </fill>
          </color>
          <color name="icons">
            <fill type="linear" rotation="90">
              <colors>
                <color rgb="0xFFFFFF" alpha="100" stop="0" />
              </colors>
            </fill>
          </color>
          <color name="button_border">
            <fill type="linear" rotation="90">
              <colors>
                <color rgb="0x2A5500" alpha="100" stop="0" />
              </colors>
            </fill>
          </color>
          <color name="button_inner">
            <fill type="linear" rotation="90">
              <colors>
                <color rgb="0x4B8A16" alpha="100" stop="0" />
              </colors>
            </fill>
          </color>
          <color name="button_bg">
            <fill type="linear" rotation="90">
              <colors>
                <color rgb="0x494949" alpha="100" stop="0" />
              </colors>
            </fill>
          </color>
          <color name="button_bg_hover">
            <fill type="linear" rotation="90">
              <colors>
                <color rgb="0x7B7B7B" alpha="100" stop="0" />
              </colors>
            </fill>
          </color>
          <color name="border">
            <fill type="linear" rotation="90">
              <colors>
                <color rgb="0x479901" alpha="100" stop="0" />
              </colors>
            </fill>
          </color>
          <color name="bg">
            <fill type="linear" rotation="0">
              <colors>
                <color rgb="0x366F00" alpha="100" stop="0" />
              </colors>
            </fill>
          </color>
        </group_colors>
      </color_group>
      <color_group name="menu">
        <group_colors>
          <color name="shadow">
            <fill type="linear" rotation="90">
              <colors>
                <color rgb="0x000000" alpha="0" stop="0" />
              </colors>
            </fill>
          </color>
          <color name="bg">
            <fill type="linear" rotation="90">
              <colors>
                <color rgb="0x1B1B1B" alpha="100" stop="0" />
              </colors>
            </fill>
          </color>
          <color name="generic_shadow">
            <fill type="linear" rotation="90">
              <colors>
                <color rgb="0x000000" alpha="40" stop="0" />
              </colors>
            </fill>
          </color>
          <color name="right_shadow">
            <fill type="linear" rotation="0">
              <colors>
                <color rgb="0x000000" alpha="0" stop="0" />
                <color rgb="0x000000" alpha="30" stop="255" />
              </colors>
            </fill>
          </color>
        </group_colors>
      </color_group>
      <color_group name="logo">
        <group_colors>
          <color name="shadow">
            <fill type="linear" rotation="90">
              <colors>
                <color rgb="0x254B00" alpha="100" stop="0" />
              </colors>
            </fill>
          </color>
          <color name="bg">
            <fill type="linear" rotation="90">
              <colors>
                <color rgb="0xFFFFFF" alpha="0" stop="0" />
              </colors>
            </fill>
          </color>
        </group_colors>
      </color_group>
      <color_group name="checkbox">
        <group_colors>
          <color name="hover">
            <fill type="linear" rotation="90">
              <colors>
                <color rgb="0xAFDD82" alpha="100" stop="0" />
              </colors>
            </fill>
          </color>
          <color name="text">
            <fill type="linear" rotation="90">
              <colors>
                <color rgb="0xFFFFFF" alpha="100" stop="0" />
              </colors>
            </fill>
          </color>
          <color name="check">
            <fill type="linear" rotation="90">
              <colors>
                <color rgb="0x2BC400" alpha="100" stop="0" />
              </colors>
            </fill>
          </color>
          <color name="bg">
            <fill type="linear" rotation="90">
              <colors>
                <color rgb="0xFFFFFF" alpha="100" stop="0" />
              </colors>
            </fill>
          </color>
          <color name="border">
            <fill type="linear" rotation="90">
              <colors>
                <color rgb="0x2A5300" alpha="100" stop="0" />
              </colors>
            </fill>
          </color>
        </group_colors>
      </color_group>
      <color_group name="button">
        <group_colors>
          <color name="btn_icon_color">
            <fill type="linear" rotation="90">
              <colors>
                <color rgb="0xB4B4B4" alpha="100" stop="0" />
              </colors>
            </fill>
          </color>
          <color name="btn_text_shadow">
            <fill type="linear" rotation="90">
              <colors>
                <color rgb="0x000000" alpha="0" stop="0" />
              </colors>
            </fill>
          </color>
          <color name="btn_text">
            <fill type="linear" rotation="90">
              <colors>
                <color rgb="0xB4B4B4" alpha="100" stop="0" />
              </colors>
            </fill>
          </color>
          <color name="btn_border">
            <fill type="linear" rotation="90">
              <colors>
                <color rgb="0x000000" alpha="0" stop="0" />
              </colors>
            </fill>
          </color>
          <color name="btn_hover">
            <fill type="linear" rotation="90">
              <colors>
                <color rgb="0xFFFFFF" alpha="100" stop="0" />
              </colors>
            </fill>
          </color>
          <color name="btn_down">
            <fill type="linear" rotation="90">
              <colors>
                <color rgb="0x000000" alpha="0" stop="0" />
              </colors>
            </fill>
          </color>
          <color name="btn_bg">
            <fill type="linear" rotation="90">
              <colors>
                <color rgb="0x000000" alpha="0" stop="0" />
              </colors>
            </fill>
          </color>
          <color name="btn_glow">
            <fill type="linear" rotation="90">
              <colors>
                <color rgb="0x000000" alpha="0" stop="0" />
              </colors>
            </fill>
          </color>
        </group_colors>
      </color_group>
      <color_group name="base">
        <group_colors>
          <color name="brandhighlight">
            <fill type="linear" rotation="90">
              <colors>
                <color rgb="0x4F81BD" alpha="100" stop="0" />
              </colors>
            </fill>
          </color>
          <color name="text">
            <fill type="linear" rotation="90">
              <colors>
                <color rgb="0xB4B4B4" alpha="100" stop="0" />
              </colors>
            </fill>
          </color>
          <color name="text_hover">
            <fill type="linear" rotation="90">
              <colors>
                <color rgb="0xFFFFFF" alpha="100" stop="0" />
              </colors>
            </fill>
          </color>
          <color name="text_selected">
            <fill type="linear" rotation="90">
              <colors>
                <color rgb="0xFFFFFF" alpha="100" stop="0" />
              </colors>
            </fill>
          </color>
          <color name="diva">
            <fill type="linear" rotation="90">
              <colors>
                <color rgb="0x555555" alpha="100" stop="0" />
              </colors>
            </fill>
          </color>
          <color name="divb">
            <fill type="linear" rotation="90">
              <colors>
                <color rgb="0x000000" alpha="0" stop="0" />
              </colors>
            </fill>
          </color>
          <color name="menu_shade">
            <fill type="linear" rotation="90">
              <colors>
                <color rgb="0x1B1B1B" alpha="100" stop="0" />
              </colors>
            </fill>
          </color>
          <color name="border">
            <fill type="linear" rotation="90">
              <colors>
                <color rgb="0x282828" alpha="100" stop="0" />
              </colors>
            </fill>
          </color>
          <color name="bg">
            <fill type="linear" rotation="90">
              <colors>
                <color rgb="0x282828" alpha="100" stop="0" />
              </colors>
            </fill>
          </color>
          <color name="slide_bg">
            <fill type="linear" rotation="90">
              <colors>
                <color rgb="0x282828" alpha="100" stop="0" />
              </colors>
            </fill>
          </color>
          <color name="overlay_message">
            <fill type="linear" rotation="90">
              <colors>
                <color rgb="0x000000" alpha="85" stop="0" />
              </colors>
            </fill>
          </color>
        </group_colors>
      </color_group>
      <color_group name="settings">
        <group_colors>
          <color name="panel_bg">
            <fill type="linear" rotation="90">
              <colors>
                <color rgb="0x303030" alpha="100" stop="0" />
              </colors>
            </fill>
          </color>
          <color name="panel_shadow">
            <fill type="linear" rotation="90">
              <colors>
                <color rgb="0x000000" alpha="40" stop="0" />
              </colors>
            </fill>
          </color>
          <color name="toggle_border">
            <fill type="linear" rotation="90">
              <colors>
                <color rgb="0x575757" alpha="100" stop="0" />
              </colors>
            </fill>
          </color>
          <color name="toggle_thumb_off">
            <fill type="linear" rotation="90">
              <colors>
                <color rgb="0xA2A2A2" alpha="100" stop="0" />
              </colors>
            </fill>
          </color>
          <color name="toggle_track_on">
            <fill type="linear" rotation="90">
              <colors>
                <color rgb="0x4E4E4E" alpha="100" stop="0" />
              </colors>
            </fill>
          </color>
          <color name="toggle_track_off">
            <fill type="linear" rotation="90">
              <colors>
                <color rgb="0x303030" alpha="100" stop="0" />
              </colors>
            </fill>
          </color>
        </group_colors>
      </color_group>
      <color_group name="volume">
        <group_colors>
          <color name="panel_bg">
            <fill type="linear" rotation="90">
              <colors>
                <color rgb="0x323232" alpha="100" stop="0" />
              </colors>
            </fill>
          </color>
          <color name="thumb_border">
            <fill type="linear" rotation="90">
              <colors>
                <color rgb="0x2B5500" alpha="100" stop="0" />
              </colors>
            </fill>
          </color>
          <color name="thumb_inner">
            <fill type="linear" rotation="90">
              <colors>
                <color rgb="0x2B5500" alpha="100" stop="0" />
              </colors>
            </fill>
          </color>
          <color name="thumb_bg">
            <fill type="linear" rotation="90">
              <colors>
                <color rgb="0xFFFFFF" alpha="100" stop="0" />
              </colors>
            </fill>
          </color>
          <color name="slider_border">
            <fill type="linear" rotation="90">
              <colors>
                <color rgb="0x428C01" alpha="100" stop="0" />
              </colors>
            </fill>
          </color>
          <color name="slider_bg">
            <fill type="linear" rotation="0">
              <colors>
                <color rgb="0x3C3C3C" alpha="100" stop="0" />
              </colors>
            </fill>
          </color>
          <color name="slider_shadow">
            <fill type="linear" rotation="90">
              <colors>
                <color rgb="0x000000" alpha="40" stop="0" />
              </colors>
            </fill>
          </color>
        </group_colors>
      </color_group>
    </colorscheme>
  </colorschemes>
  <string_tables>
    <string_table name="npnxnanbnsnfns00001100101">
      <string id="three_image_items">items</string>
      <string id="three_image_viewed">viewed</string>
      <string id="three_image_of">of</string>
      <string id="three_image_item">item</string>
      <string id="accessible_text">Accessible text</string>
      <string id="acc_active">active</string>
      <string id="alt_key">Alt</string>
      <string id="check_include">Check to include</string>
      <string id="clear">Clear and return to menu</string>
      <string id="close">Close</string>
      <string id="acc_closed_captions">Closed captions.</string>
      <string id="closed_captions_tip">Toggle captions</string>
      <string id="continue">Continue</string>
      <string id="continueresponsive">Continue</string>
      <string id="ctrl_key">Ctrl</string>
      <string id="enable_keyboardshortcuts">Enable keyboard shortcuts</string>
      <string id="enter_key">Enter</string>
      <string id="exit">Exit</string>
      <string id="filter">Filter</string>
      <string id="finish">FINISH</string>
      <string id="acc_finish">finish</string>
      <string id="definition">Definition</string>
      <string id="acc_definition">definition</string>
      <string id="glossary">Glossary</string>
      <string id="terms">Terms</string>
      <string id="keyboardshortcuts_lower">Keyboard shortcuts</string>
      <string id="action">Action</string>
      <string id="keyboardshortcuts">Keyboard Shortcuts</string>
      <string id="shortcuthelp">List keyboard shortcuts</string>
      <string id="mute_shortcut">Mute / unmute</string>
      <string id="next_shortcut">Next slide</string>
      <string id="playpause_shortcut">Play / pause</string>
      <string id="previous_shortcut">Previous slide</string>
      <string id="replay_shortcut">Replay slide</string>
      <string id="shortcut">Shortcut</string>
      <string id="submit_shortcut">Submit slide</string>
      <string id="acctext_shortcut">Toggle accessible text</string>
      <string id="closedcaptions_shortcut">Toggle closed captions</string>
      <string id="togglezoom">Toggle zoom to fit</string>
      <string id="outline">Menu</string>
      <string id="disabled_orientation">Please rotate your device</string>
      <string id="mute_tip">Mute</string>
      <string id="next">NEXT</string>
      <string id="acc_next">next</string>
      <string id="next_slide_tip">Next slide</string>
      <string id="transcript_chk">Notes</string>
      <string id="transcript">Notes</string>
      <string id="bio">Bio</string>
      <string id="more_info">More info</string>
      <string id="closed_captions">Captions</string>
      <string id="acc_pause">pause</string>
      <string id="pause_tip">Pause</string>
      <string id="acc_play">play</string>
      <string id="play_tip">Play</string>
      <string id="send_an_email">Send an email</string>
      <string id="prev">PREV</string>
      <string id="acc_previous">previous</string>
      <string id="previous_slide_tip">Previous slide</string>
      <string id="question_list">Question List</string>
      <string id="replay_tip">Replay</string>
      <string id="acc_replay">replay</string>
      <string id="resources">Resources</string>
      <string id="acc_resources">resources</string>
      <string id="restart">Restart</string>
      <string id="resume">Resume</string>
      <string id="acc_locked">locked</string>
      <string id="acc_search_input">search</string>
      <string id="search_toggle">Search</string>
      <string id="sidebar_toggle">Sidebar Toggle</string>
      <string id="desktop_start">Start Course</string>
      <string id="mobile_start">Start Course</string>
      <string id="acc_visited">visited</string>
      <string id="search">Search...</string>
      <string id="search_in">Search in:</string>
      <string id="search_results">Search Results</string>
      <string id="settings_tip">Settings</string>
      <string id="shift_key">Shift</string>
      <string id="acc_skipnavigation">Back to top</string>
      <string id="slide_text_chk">Slide Text</string>
      <string id="spacebar_key">Space</string>
      <string id="submitall">SUBMIT ALL</string>
      <string id="acc_submitall">submit all</string>
      <string id="submit">SUBMIT</string>
      <string id="acc_submit">submit</string>
      <string id="submit_tip">Submit</string>
      <string id="unmute_tip">Unmute</string>
      <string id="acc_volume">volume</string>
      <string id="zoom_to_fit">Zoom to fit</string>
    </string_table>
  </string_tables>
  <fonts>
    <font name="Lato">
      <files>
        <file bold="true" italic="false" />
        <file bold="false" italic="false" />
      </files>
    </font>
  </fonts>
  <sounds enabled="true" />
  <nav_data>
    <outline>
      <links>
        <slidelink slideid="_player.6TbmPbPLLe8" displaytext="Welcome Scene" expand="true" type="slide">
          <links>
            <slidelink slideid="_player.6TbmPbPLLe8.5u3hFhHH3vc" displaytext="0.1" expand="false" type="slide" />
            <slidelink slideid="_player.6TbmPbPLLe8.5WegtY26fRa" displaytext="0.13" expand="false" type="slide" />
            <slidelink slideid="_player.6TbmPbPLLe8.5dJW8KcKr4t" displaytext="0.2" expand="false" type="slide" />
            <slidelink slideid="_player.6TbmPbPLLe8.6nBwWHgHwfa" displaytext="0.4" expand="false" type="slide" />
            <slidelink slideid="_player.6TbmPbPLLe8.65AfEkt7fIF" displaytext="0.3" expand="false" type="slide" />
            <slidelink slideid="_player.6TbmPbPLLe8.6nUB2PcFN22" displaytext="0.5" expand="false" type="slide" />
            <slidelink slideid="_player.6TbmPbPLLe8.6kiPXcYCyuV" displaytext="0.6" expand="false" type="slide" />
            <slidelink slideid="_player.6TbmPbPLLe8.5iplrsw0zKn" displaytext="0.7" expand="false" type="slide" />
            <slidelink slideid="_player.6TbmPbPLLe8.6Bp39Rzpbmn" displaytext="0.8" expand="false" type="slide" />
            <slidelink slideid="_player.6TbmPbPLLe8.5ulK69Focvv" displaytext="0.9" expand="false" type="slide" />
            <slidelink slideid="_player.6TbmPbPLLe8.6D1heykQyM9" displaytext="0.10" expand="false" type="slide" />
            <slidelink slideid="_player.6TbmPbPLLe8.5imAGWWXh9d" displaytext="0.11" expand="false" type="slide" />
            <slidelink slideid="_player.6TbmPbPLLe8.6JXEbJERXDz" displaytext="0.12" expand="false" type="slide" />
          </links>
        </slidelink>
        <slidelink slideid="_player.5nBWhE1EF35" displaytext="Situation" expand="true" type="slide">
          <links>
            <slidelink slideid="_player.5nBWhE1EF35.5z2srsuogGG" displaytext="0.15" expand="false" type="slide" />
            <slidelink slideid="_player.5nBWhE1EF35.5ocB0Mf3PNJ" displaytext="0.16" expand="false" type="slide" />
            <slidelink slideid="_player.5nBWhE1EF35.5x2WlFjfoHZ" displaytext="0.17" expand="false" type="slide" />
            <slidelink slideid="_player.5nBWhE1EF35.5vpVeP3r6LG" displaytext="0.18" expand="false" type="slide" />
            <slidelink slideid="_player.5nBWhE1EF35.5bgumk5vH1X" displaytext="0.19" expand="false" type="slide" />
            <slidelink slideid="_player.5nBWhE1EF35.5is5r8VlYQU" displaytext="0.20" expand="false" type="slide" />
            <slidelink slideid="_player.5nBWhE1EF35.62SwsOU4ZOZ" displaytext="0.21" expand="false" type="slide" />
            <slidelink slideid="_player.5nBWhE1EF35.5yHi1CIiqVT" displaytext="0.22" expand="false" type="slide" />
            <slidelink slideid="_player.5nBWhE1EF35.64k8H1yqohv" displaytext="0.23" expand="false" type="slide" />
          </links>
        </slidelink>
        <slidelink slideid="_player.617rqHBuM26" displaytext="Level 1" expand="true" type="slide">
          <links>
            <slidelink slideid="_player.617rqHBuM26.6LMrcGtdAoo" displaytext="1.1" expand="false" type="slide" />
            <slidelink slideid="_player.617rqHBuM26.6UBxa63Q8SH" displaytext="1.2" expand="false" type="slide" />
            <slidelink slideid="_player.617rqHBuM26.5VYuz1KDQSc" displaytext="1.2A" expand="false" type="slide" />
            <slidelink slideid="_player.617rqHBuM26.6E6ON8UZcWr" displaytext="1.2B" expand="false" type="slide" />
            <slidelink slideid="_player.617rqHBuM26.60K01howhr1" displaytext="1.2C" expand="false" type="slide" />
            <slidelink slideid="_player.617rqHBuM26.5iFXzkPr4zm" displaytext="1.3B" expand="false" type="slide" />
            <slidelink slideid="_player.617rqHBuM26.5iuCdAgyUNr" displaytext="1.3A" expand="false" type="slide" />
            <slidelink slideid="_player.617rqHBuM26.6LA0Mxptzur" displaytext="1.3C" expand="false" type="slide" />
          </links>
        </slidelink>
        <slidelink slideid="_player.5rLuH81fW1A" displaytext="Level 2" expand="true" type="slide">
          <links>
            <slidelink slideid="_player.5rLuH81fW1A.5lRkKly585R" displaytext="2.1" expand="false" type="slide" />
            <slidelink slideid="_player.5rLuH81fW1A.6YUTMSGTR13" displaytext="2.2" expand="false" type="slide" />
            <slidelink slideid="_player.5rLuH81fW1A.5bMVGzsQCHA" displaytext="2.3" expand="false" type="slide" />
            <slidelink slideid="_player.5rLuH81fW1A.6fNLfVqBs40" displaytext="2.4" expand="false" type="slide" />
            <slidelink slideid="_player.5rLuH81fW1A.6rlJ2b8yyK1" displaytext="2.4A" expand="false" type="slide" />
            <slidelink slideid="_player.5rLuH81fW1A.6rL9O71IdO0" displaytext="2.5A" expand="false" type="slide" />
            <slidelink slideid="_player.5rLuH81fW1A.5XAwzMZyZrm" displaytext="2.5B" expand="false" type="slide" />
            <slidelink slideid="_player.5rLuH81fW1A.5oQWoxICkVP" displaytext="2.6" expand="false" type="slide" />
            <slidelink slideid="_player.5rLuH81fW1A.6mS718Phf6c" displaytext="2.6ABC" expand="false" type="slide" />
            <slidelink slideid="_player.5rLuH81fW1A.6GWUZJ3LB9H" displaytext="2.7BC" expand="false" type="slide" />
            <slidelink slideid="_player.5rLuH81fW1A.5solQxslAsd" displaytext="2.6D" expand="false" type="slide" />
            <slidelink slideid="_player.5rLuH81fW1A.5X0e3EtkEwF" displaytext="2.7A" expand="false" type="slide" />
            <slidelink slideid="_player.5rLuH81fW1A.5Uk2PGxkoh8" displaytext="2.4C" expand="false" type="slide" />
          </links>
        </slidelink>
        <slidelink slideid="_player.5rATz7PwgZv" displaytext="Level 3" expand="true" type="slide">
          <links>
            <slidelink slideid="_player.5rATz7PwgZv.6KTeIpim7Hh" displaytext="3.1" expand="false" type="slide" />
            <slidelink slideid="_player.5rATz7PwgZv.69FZGPEZ2nW" displaytext="3.2" expand="false" type="slide" />
            <slidelink slideid="_player.5rATz7PwgZv.6AYPldpaZ50" displaytext="3.3" expand="false" type="slide" />
            <slidelink slideid="_player.5rATz7PwgZv.5pkNCdQqKWb" displaytext="3.4" expand="false" type="slide" />
            <slidelink slideid="_player.5rATz7PwgZv.60ZtfWf6s11" displaytext="3.4A" expand="false" type="slide" />
            <slidelink slideid="_player.5rATz7PwgZv.6c55iTb3zj3" displaytext="3.4B" expand="false" type="slide" />
            <slidelink slideid="_player.5rATz7PwgZv.64V2X83ZlQ1" displaytext="3.4C" expand="false" type="slide" />
            <slidelink slideid="_player.5rATz7PwgZv.6bPiFtoMFOE" displaytext="3.5B" expand="false" type="slide" />
            <slidelink slideid="_player.5rATz7PwgZv.6ZLglIdeWvm" displaytext="3.5C" expand="false" type="slide" />
            <slidelink slideid="_player.5rATz7PwgZv.6IUFdpex0zK" displaytext="3.4D" expand="false" type="slide" />
            <slidelink slideid="_player.5rATz7PwgZv.6ZhJK2ix3OV" displaytext="3.5A" expand="false" type="slide" />
          </links>
        </slidelink>
        <slidelink slideid="_player.66glxpgXl9C" displaytext="Level 4" expand="true" type="slide">
          <links>
            <slidelink slideid="_player.66glxpgXl9C.5kgWrxy4Q7I" displaytext="4.1" expand="false" type="slide" />
            <slidelink slideid="_player.66glxpgXl9C.6Kas9Y5RHfK" displaytext="4.1C" expand="false" type="slide" />
            <slidelink slideid="_player.66glxpgXl9C.6EDS8Cf7NKW" displaytext="4.1A" expand="false" type="slide" />
            <slidelink slideid="_player.66glxpgXl9C.6PvwSFxEg54" displaytext="4.1B" expand="false" type="slide" />
          </links>
        </slidelink>
        <slidelink slideid="_player.5p3t57GlyWw" displaytext="Level 5" expand="true" type="slide">
          <links>
            <slidelink slideid="_player.5p3t57GlyWw.5k3Y6EoUSxF" displaytext="5.1" expand="false" type="slide" />
            <slidelink slideid="_player.5p3t57GlyWw.6UM8ysnhIJN" displaytext="5.2" expand="false" type="slide" />
            <slidelink slideid="_player.5p3t57GlyWw.6nv3h09Fk5Z" displaytext="5.2A" expand="false" type="slide" />
            <slidelink slideid="_player.5p3t57GlyWw.5yLkIdyypKb" displaytext="5.2B" expand="false" type="slide" />
            <slidelink slideid="_player.5p3t57GlyWw.6S81ruQz0H6" displaytext="5.3A" expand="false" type="slide" />
            <slidelink slideid="_player.5p3t57GlyWw.5himWO7d3ko" displaytext="5.3B" expand="false" type="slide" />
            <slidelink slideid="_player.5p3t57GlyWw.6qJb78y5ZLS" displaytext="5.2C" expand="false" type="slide" />
            <slidelink slideid="_player.5p3t57GlyWw.6FN1CMPKEIU" displaytext="5.3C" expand="false" type="slide" />
          </links>
        </slidelink>
        <slidelink slideid="_player.5lYsW9KeilQ" displaytext="Level 6" expand="true" type="slide">
          <links>
            <slidelink slideid="_player.5lYsW9KeilQ.66y0orUBEWc" displaytext="6.1" expand="false" type="slide" />
            <slidelink slideid="_player.5lYsW9KeilQ.5VDC72zqBXF" displaytext="6.2_Staff" expand="false" type="slide" />
            <slidelink slideid="_player.5lYsW9KeilQ.5odVbmh78ZZ" displaytext="6.3_Staff" expand="false" type="slide" />
            <slidelink slideid="_player.5lYsW9KeilQ.5j01jB6rpAv" displaytext="6.4_Staff" expand="false" type="slide" />
            <slidelink slideid="_player.5lYsW9KeilQ.6BPpnndeS92" displaytext="6.3_Students" expand="false" type="slide" />
            <slidelink slideid="_player.5lYsW9KeilQ.6GYrSS9x5N7" displaytext="6.2_Students" expand="false" type="slide" />
            <slidelink slideid="_player.5lYsW9KeilQ.5p41F37oySA" displaytext="6.5_Staff" expand="false" type="slide" />
            <slidelink slideid="_player.5lYsW9KeilQ.5s1Fzkzs0HA" displaytext="6.4_Students" expand="false" type="slide" />
            <slidelink slideid="_player.5lYsW9KeilQ.6nXRUt5zlwN" displaytext="6.5_Students" expand="false" type="slide" />
            <slidelink slideid="_player.5lYsW9KeilQ.5qfmZhRdi7p" displaytext="6.6_Staff" expand="false" type="slide" />
            <slidelink slideid="_player.5lYsW9KeilQ.68NEVjgKLCh" displaytext="6.6_Students" expand="false" type="slide" />
          </links>
        </slidelink>
        <slidelink slideid="_player.5jU5Nhzv8r4" displaytext="Ending" expand="true" type="slide">
          <links>
            <slidelink slideid="_player.5jU5Nhzv8r4.5YqFkrzuNB9" displaytext="7.1" expand="false" type="slide" />
            <slidelink slideid="_player.5jU5Nhzv8r4.6MGzAG0qQhR" displaytext="7.2" expand="false" type="slide" />
          </links>
        </slidelink>
      </links>
    </outline>
  </nav_data>
  <resource_data description="&lt;p align='left'&gt;&lt;font face='Lato' style='font-size: 11px;' size='11' color='#B4B4B4'&gt;Here are some useful links and documents:&lt;/font&gt;&lt;/p&gt;" />
  <transcript_data />
  <glossary_data />
</bwFrame>